{
    "0":{
        "time_stamp":1746189311.0360000134,
        "time":"05\/02\/2025, 14:35:11",
        "keci":[
            0.0,
            0.0
        ],
        "empty_cluster":0.2284286025,
        "weight":[
            1.0,
            1.0,
            1.0,
            1.0,
            1.0,
            1.0
        ],
        "alpha":1.5,
        "rmse":0.0082718845,
        "loocv":0.1091398812
    }
}