{
    "0":{
        "time_stamp":1750221537.565926075,
        "time":"06\/18\/2025, 12:38:57",
        "keci":[
            3.500795553,
            7.8325377803,
            0.0
        ],
        "empty_cluster":27.1666666667,
        "weight":[
            1.0,
            1.0,
            1.0,
            1.0
        ],
        "alpha":1.5,
        "rmse":2.9860790231,
        "loocv":19.9943351559
    }
}