{
    "0":{
        "time_stamp":1750221537.1378560066,
        "time":"06\/18\/2025, 12:38:57",
        "keci":[
            -41.2918083687,
            24.5968583687,
            0.0
        ],
        "empty_cluster":202.10537,
        "weight":[
            1.0,
            1.0,
            1.0,
            1.0
        ],
        "alpha":1.5,
        "rmse":21.1871773552,
        "loocv":89.5543384507
    }
}