{
    "0":{
        "time_stamp":1642754957.3634939194,
        "time":"01\/21\/2022, 16:49:17",
        "keci":[
            10.5029085379,
            4.0803809727,
            0.0,
            0.0,
            -11.2639080302,
            0.0,
            -4.0578126572,
            0.0,
            -7.2124075988,
            0.0,
            0.0,
            0.0,
            2.3648642519,
            -2.0740650888,
            12.4221305228,
            0.0,
            0.0,
            0.0,
            0.0,
            0.0,
            0.0,
            0.0,
            7.4058723996,
            0.0
        ],
        "empty_cluster":339.1083600548,
        "weight":[
            1.0,
            1.0,
            5.0,
            1.0,
            2.0,
            1.0,
            0.8,
            2.0,
            2.0,
            3.0,
            1.0,
            4.0,
            0.8,
            2.0,
            3.5
        ],
        "alpha":1.5,
        "rmse":29.1495050791,
        "loocv":149.8671381416
    }
}